id,text,text_clean
1903646876571938831,yang pake indihome pada lemot gak? kok aku lemot bgt anjir dari beberapa hari yang lalu,pake indihome lambat tidak lambat banget astaga
1903646483741827579,"@didiaryy Kak Dian maaf ya :( kalo jaringan Telkomsel dan IndiHome gak stabil, boleh DM nomor HP, nomor IndiHome, atas nama, waktu tanggal kejadian dan lokasi detail (kel,kec) biar dibantu cek ya. Makasih :( -Nesya",kak dian maaf jaring telkomsel indihome tidak stabil nomor nomor indihome nama tanggal jadi lokasi detail kelkec biar bantu cek makasih nesya
1903646212051644756,@IndiHome  tolong dong jaringan indihome dirumah saya blm stabil stabil ni tolong penanganan nya,tolong jaring indihome rumah belum stabil stabil tolong tangan nya
1903646037027549488,"@IndiHomeCare Nomer indihome
122869239276 An R Akbar Widya~

Selamat pagi saya sudah membayar tagihan indihome saya kenapa blm aktif.terimakasih",nomer indihome akbar widya selamat pagi bayar tagih indihome belum aktifterimakasih
1903645884132610541,"@Wi8888888888wi @IndiHome Hai kak, Kami dari Pusat Monitoring Telekomunikasi Kementerian Komunikasi dan Digital RI (Kementerian Komdigi), aduan tersebut sudah menjadi bagian dari tiketing kami dan diteruskan ke ISP terkait untuk di tindak lanjuti. Semoga layanan kembali normal dan dapat dimanfaatkan",hai kak pusat monitoring telekomunikasi menteri komunikasi digital menteri komdigi adu tiketing terus isp kait tindak lanjut moga layan normal manfaat
1903645580930543893,@Telkomsel ada apa ini jaringan tidak bagus di rengat? indihome juga tidak bagus,ada jaring tidak bagus rengat indihome tidak bagus
1903644460581589010,"@IndiHome dari kemaren internet lemot banget gak sesuai sama kontrak, udah bayar tepat waktu padahal, tolong dicek https://t.co/b75gf0v3U3",kemaren internet lambat banget tidak sesuai kontrak udah bayar tolong cek
1903644411743138094,"@IndiHome Halo min, jaringan Indihome memang lelet atau gimana ya? Karena tdi aku buka shopee gabisa trus juga kan aku pke Indihome di tv, nah tdi ada lag juga, mohon bantuannya",halo min jaring indihome lelet gimana buka shopee gabisa trus pke indihome ada lambat mohon bantu
1903644311247634577,"@Dewanggarh Kak Dewangga maafin ya :( pastikan kabel patch cord (kabel warna hitam/kuning dgn ujung kabel warna biru) terpasang dgn benar. Kalo masih sama, infoin ke DM nomor IndiHome dan nama lengkap biar dibantu cek :) -Nesya",kak dewangga maafin pasti kabel patch cord kabel warna hitamkuning ujung kabel warna biru pasang infoin nomor indihome nama lengkap biar bantu cek nesya
1903644114450825462,"@tidakterangg Sini sini, Ezzi bantu cek IndiHome dan Telkomsel Kak Vina, boleh? Maafin ğŸ˜¢ -Ezzi",ezzi bantu cek indihome telkomsel kak vina maafin ezzi
1903643475738062900,"@susidwii Waaah, udah berapa lama bareng sama IndiHome, nih, Kak Ğ…uÑ•i? â˜ºï¸ -Ezzi",waaah udah bareng indihome kak ezzi
1903643449754345746,"Indihome kenapa sih anjir, jaringan telkomsel juga kenapa lemot banget ASTAGHFIRULLAH",indihome sih astaga jaring telkomsel lambat banget astaghfirullah
1903642490529521706,"Pagi min, mau nanya dong. Wifi ku kok ""terhubung, tidak ada internet"" udah aku cek perkebelanannya, udah restart dan udah matiin selama 15 menit tapi ga works. Kira-kira apakah mmg lagi gangguan jaringan IndiHome atau gimana? Mohon infonya dong @IndiHomeCare https://t.co/BS1pIdJFXc",pagi min nanya wifi hubung tidak ada internet udah cek belan udah restart udah matiin menit tidak works kirakira mmg ganggu jaring indihome gimana mohon info
1903642403275505678,"@Ad_Fuad27 @IndiHome @TelkomIndonesia @Ad_Fuad27 Maaf ya, Kak Fuad. Kalo lampu LOS kedip merah pastikan dulu kabel patch cord (hitam/kuning dgn ujung kabel warna biru) terpasang dgn benar. Bila belum bisa, infoin no IndiHome dan atas nama ke DM biar dibantu cek ya.ğŸ˜Š -Caris",maaf kak fuad lampu los kedip merah pasti kabel patch cord hitamkuning ujung kabel warna biru pasang belum infoin indihome nama biar bantu cek caris
1903641631422922931,"Tolong @IndiHomeCare @IndiHome @TelkomIndonesia bagaimana ini sudah dari semalam sampai sekarang tidak hidup dan tidak ada tindakan

Jangan suruh saya merestart modem karena ini masalah jaringan, tetangga saya pun juga mati internetnya

Tugas anda penyedia layanan cari masalahnya https://t.co/7NUaN7r4rl",tolong malam tidak hidup tidak ada tindak suruh merestart modem jaring tetangga mati internetnya tugas sedia layan cari
1903641036091740308,"@SindyAuliya14 @SindyAuliya14  Mengenai nomor laporannya, udah cek di MyTelkomsel - logo Veronika - klik sebelah kanan - tiket atau  boleh DM  nomor IndiHome dan nama lengkap agar dibantu pengecekan lebih lanjut. Makasih ğŸ˜Š -Emmy",nomor lapor udah cek mytelkomsel logo veronika klik belah kanan tiket nomor indihome nama lengkap bantu kece makasih emmy
1903640002216788168,speed indihome jelek banget co,speed indihome jelek banget
1903639148436799935,"@tarolattew @tarolattew Huhu maaf atas kendala yang di alami ya, Kak Ren. Yuk infoin nama lengkap, nomor IndiHome dan no HP Telkomsel yg dipakai ke DM biar dibantu cek lebih lanjut yaa. ğŸ˜Š -Caris",huhu maaf kendala alami kak ren yuk infoin nama lengkap nomor indihome telkomsel pakai biar bantu cek yaa caris
1903639089016082693,@kimmonapJS @IndiHome @kimmonapJS  Sudah masuk juga DMnya Kak. Tunggu ya :) -Sakia,masuk dmnya kak tunggu sakia
1903638733238530182,@IndiHome @IndiHomeCare sudah dmed,dmed
1903637905173782953,"@kimmonapJS @IndiHomeCare @kimmonapJS  Maaf, Kak. Mengenai jaringan gak stabilnya, boleh DM   nomor IndiHome dan nama lengkap agar dibantu pengecekan lebih lanjut. Makasih ğŸ˜Š -Emmy",maaf kak jaring tidak stabil nomor indihome nama lengkap bantu kece makasih emmy
1903637536511246535,@IndiHome @IndiHomeCare kenapa nih jaringan indihome nya ga bagus,jaring indihome nya tidak bagus
1903636739044069645,"@susidwii aku pake indihome juga, tadi bisa tapi gegara capta wassalam
any thankyou ka sksksk",pake indihome gegara capta wassalam any thankyou sksksk
1903635598352810222,indihome kenapa sih lu gangguan mulu???? lagi urgent malah wifi nya gak ada internet.,indihome sih ganggu mulu urgent wifi nya tidak ada internet
1903635405167288622,"@warbyby Habis kak, aku pakai indihome",habis kak pakai indihome
1903634747861143563,"@IndiHome min kenapa jaringan indihome di tempat saya tiba2 mati? Tadi baik2 saja jaringannya, saya juga sudah bayar untuk bulan ini. Mohon penjelasannya min ğŸ™",min jaring indihome mati jaring bayar mohon jelas min
1903634445753897137,"Pilih game santai buat ngabuburit. Main game yang gak bikin emosi bisa bantu ngabuburit lebih asik. Gak sadar tahu-tahu udah magrib aja! Untungnya ada Paket JITU 1 IndiHome, internet lancar buat game bebas lag! ğŸ›œ",pilih game santai ngabuburit main game tidak bikin emosi bantu ngabuburit asik tidak sadar tahutahu udah magrib untung ada paket jitu indihome internet lancar game bebas lambat
1903630381255106841,"@i__catto @IndiHomeCare iyaa kan kalo kita blm bayar ga bakal bisa kebeli itu paketnya, aneh bgt indihome.. kknya jadinya gmn? udh balik ke tagihan normal blm?",iyaa belum bayar tidak kebel paket aneh banget indihome kknya gmn tagih normal belum
1903629798955679858,@IndiHome pengaduan DM dmn nih?kok gak ada layanan DM nya,adu dmn nihkok tidak ada layan nya
1903625073002750075,@aegi_roses @IndiHome @aegi_roses Nesya cek DM Kak Ryn udah masuk nih. Tungguin dulu balasannya ya ğŸ˜Š -Nesya,nesya cek kak ryn udah masuk tungguin balas nesya
1903624768651407539,"@IndiHome no id 122517001558
Internet lemot suka mati eror terus mohon datang teknisi terimakasih

Widjaja SE",internet lambat suka mati eror mohon teknisi terimakasih widjaja
1903624681988710463,@jonginoshn @IndiHome @jonginoshn DMnya akan dibantu cek lagi ya Kak Abel. Makasih :) -Sakia,dmnya bantu cek kak abel makasih sakia
1903624621582164318,@IndiHomeCare @IndiHome Min cek DM ya @IndiHomeCare minta tolong banget inimahğŸ˜­ğŸ˜­ğŸ˜­ğŸ˜­,min cek tolong banget inimah
1903624215422726488,@IndiHomeCare @IndiHome Cek DM lagi min,cek min
1903624026674930156,"min @IndiHomeCare gue kan paket indihome + disney , kook sejak tanggal 21 kemarin di disney harus berlangganan lagi sihh pas mau di tonton.",min gue paket indihome disney kook tanggal kemarin disney langgan sihh pas tonton
1903621939547312613,"@Almo0ondMilk Eh, lemotnya di IndiHome TV-nya aja, ya, Kak Jel? Mian ğŸ˜© -Ezzi",lambat indihome tvnya kak jel ezzi
1903621895762894859,"@jonginoshn @IndiHome @jonginoshn Udah nungguin ya Kak Abel. Sakia bantu percepatan ya, biar DMnya segera dibantu cek. Tungguin Kak :) -Sakia",udah nungguin kak abel sakia bantu cepat biar dmnya bantu cek tungguin kak sakia
1903621449992339859,Udah 2 jam DM tapi ga dibales2 @IndiHome @IndiHomeCare,udah jam tidak dibales
1903621272724279350,"@kageuya Huhu jangan tinggalin IndiHome, Kak Racel ğŸ˜­ Ezzi bantu cek jaringannya, boleh? Mian, ya -Ezzi",huhu tinggalin indihome kak racel ezzi bantu cek jaring ezzi
1903619415037665585,@vincentiusfel Kak @vincentiusfel ada kendala saat akses di MyTelkomsel nya? Ada yang bisa Dhea bantu terkait layanan IndiHome nya? ğŸ™‚ -Dhea,kak ada kendala akses mytelkomsel nya ada dhea bantu kait layan indihome nya dhea
1903615942791491697,"@IndiHomeCare lemot min, indihome nya ? Disaya lemot bingit dlm 2hr ini",lambat min indihome nya saya lambat bingit
1903615002457878854,@IndiHomeCare Bener bener kampret. Pagi pagi indihome loading melulu,bener bener kampret pagi pagi indihome loading melulu
1903613673366851609,"indihome ini ngentot sekali yaa, dari kemaren jaringan kayak gada internetnya mulu sialan @IndiHomeCare",indihome ngentot yaa kemaren jaring kayak tidak ada internetnya mulu sial
1903610952454688771,Guys ada yg tv nya pake indihome ga ya? Kenapa semua app ku ga bisa semua ya mau netflix atau yt juga lemot bgtt tapi klo internetan aman ada yg tauu??,guys ada nya pake indihome tidak app tidak netflix lambat bgtt klo internetan aman ada tauu
1903609649414471782,"@masbucol @IndiHome lohh sama bgt kakk, kirain aku doang",lohh banget kakk kirain doang
1903604980193575335,Indihome @IndiHome kenapa si udah 24 jam tidak ada internet padahal baru bayar aneh banget,indihome udah jam tidak ada internet bayar aneh banget
1903596989323108817,"ga jelas banget anjir indihome, sinting. tiap akhir bulan ada aja problemnya",tidak banget astaga indihome sinting ada problem
1903595011553525854,@xKeshiii iNdIhomE jleg,indihome jleg
1903590007136530859,"@githaishal Kak Gita maafin ya :( pastikan kabel patch cord (kabel warna hitam/kuning dgn ujung kabel warna biru) terpasang dgn benar. Kalo masih sama, infoin ke DM nomor IndiHome dan nama lengkap biar dicek jaringannya :) -Nesya",kak gita maafin pasti kabel patch cord kabel warna hitamkuning ujung kabel warna biru pasang infoin nomor indihome nama lengkap biar cek jaring nesya
1903589649463074928,@randooomzz @be4sismongcake KIRAIN SI INDIHOME MELIHAT HUNTU IH KAK RAAANğŸ˜­ğŸ˜­ğŸ˜­ğŸ˜­,kirain indihome huntu kak raaan
1901919467715575823,"@bellaakyl Wuih, mksh ya, Kak udh rekomendasiin IndiHome. Btw, Kakak berlangganan IndiHome udh dari kapan ni?ğŸ˜ -Indah",wuih mksh kak rekomendasiin indihome btw kakak langgan indihome indah
1901918349694779745,"@fatihaW26 Selamat berkonser ria KakğŸ˜Terus setia, bersama IndiHome ya :) -Indah",selamat konser ria kakterus setia indihome indah
1901918051035217927,"@fromutia Wah, senangnyaaa ğŸ˜Kak Mutia udah langganan IndiHome belum? ğŸ¤­-Indah",senangnyaaa kak mutia udah langgan indihome belum indah
1901917645664047275,admin @taspen ini lambat ya responnya ga kaya admin indihomeğŸ˜­ğŸ˜­ğŸ˜­,admin lambat responnya tidak kaya admin indihome
1901917358601715927,"IHSG yg down, berimbas ke sinyal telkomsel sama indihome juga ikut2an down ya?",ihsg down imbas sinyal telkomsel indihome ikut down
1901915842423722005,"@theyycallmebass Maafin IndiHome ya, Kak Farah ğŸ™Jarak modem sama devicenya jauh nggak Kak? -Indah",maafin indihome kak farah jarak modem devicenya tidak kak indah
1901910424351899944,"Udah percaya sama lu, langganan ngga pernah telat kenapa pas gua kerja malah lu ganggu sih !!! Tolong lah kerjasamanya!! Anj
Internet diputus! Ngelag !! Anjj !!!! 
@IndiHome @IndiHomeCare",udah percaya langgan ngga telat pas gua kerja ganggu sih tolong kerjasamanya anj internet putus ngelag anjj
1901909781943845100,@bluubilla akibat semalam ngeluh' di sini kalo sinyal jelek kali bub ğŸ˜“ğŸ˜“ğŸ˜“ğŸ˜“ğŸ˜“ tapi emg aga sering sinyal indihome di tempat ku jelek bub ğŸ˜“ğŸ˜“ğŸ«°ğŸ»ğŸ«°ğŸ»ğŸ«°ğŸ»ğŸ«°ğŸ»ğŸ«°ğŸ»ğŸ˜‡ğŸ˜‡ğŸ˜‡ğŸ˜‡,akibat malam ngeluh sinyal jelek kali bub emg aga sinyal indihome jelek bub
1901908953795371160,"@ohmlaftpk dr kmrin indihome rep tweet ku terus bub,,, sepertinya indihome ingin berteman dengan ku ğŸ˜˜ğŸ˜˜ğŸ˜˜ğŸ˜˜ğŸ˜˜ğŸ˜˜ğŸ«°ğŸ»ğŸ«°ğŸ»ğŸ«°ğŸ»ğŸ«°ğŸ»",kmrin indihome rep tweet bub indihome teman
1901908826175222259,"@zoxar @ShopeeCare @ShopeePay_ID @IndiHome @ShopeeID Hai kak, untuk cek keluhan dan kendalanya silahkan whatsapp kami di bawah ini.
https://t.co/W34cJw1Q2H

Tks""Auliya",hai kak cek keluh kendala silah whatsapp tksauliya
1901908766926557526,"@hirnmel WaduhğŸ˜­
Kalo sekarang, gimana Kak? Jaringan IndiHome &amp; Telkomselnya udah lancar kan? -Indah",gimana kak jaring indihome amp telkomselnya udah lancar indah
1901908766821331407,@ShopeeCare @ShopeePay_ID @IndiHome @ShopeeID Lebih baik aplikasi Shopeepay bisa diduplikat saja daripada saya bawa 2 HP atau capek login logout shopeepay.,aplikasi shopeepay duplikat bawa capek login logout shopeepay
1901908689088397688,"@disdeesa ih aku pdhl bub, iseng aja ngetweet karna semalem sinyal jelek bgt hikshiks, gk nyangka indihome masuk circle ku ğŸ˜­ğŸ˜­ğŸ˜­ğŸ˜­ğŸ˜­ğŸ˜­ğŸ˜­",bub iseng ngetweet karna semalem sinyal jelek banget hikshiks nyangka indihome masuk circle
1901908053383164395,"@IndiHomeCare @IndiHome Cek DM bos,modem di bawa sales sampai sekarang gak d pasang",cek bosmodem bawa sales tidak pasang
1901907837959426176,"@ramsus19 @ramsus19 Maaf ya, Kak Ramsus. Jika sudah coba saran yang diberikan tapi masih ga bisa login IndiHome di aplikasi MyTelkomselnya, mohon infokan dulu nomor internetnya ke DM biar dicek lebih lanjut ya. Sertakan juga atas nama dan alamat email/nomor HP verifikasi login yang Kakakâ€¦ https://t.co/hwAHbhFTdi",maaf kak ramsus coba saran tidak login indihome aplikasi mytelkomselnya mohon info nomor internetnya biar cek serta nama alamat emailnomor verifikasi login kakak
1901906176306282985,"@justeurel @ciorawr @justeurel Tetap selalu waspada dengan akun palsu ya, Kak Aurel. Untuk kendala IndiHome yang Kakak alami, Kakak bisa infokan nomor internet sama atas nama pemiliknya ke DM kami biar dibantu penanganan lebih lanjut ya ğŸ˜Š -Rai",waspada akun palsu kak aurel kendala indihome kakak alami kakak info nomor internet nama milik biar bantu tangan rai
1901902826630271215,@narawiturlove ada aku anjayy WKWKWKWKW ITU DI REP INDIHOME WKWKWKW,ada anjayy wkwkwkwkw rep indihome wkwkwkw
1901902383116075341,@admkukuh @IndiHomeCare @IndiHome migrasi ke paket mana bro? jitu kah?,migrasi paket bro jitu kah
1901901680402395213,@IndiHomeCare cek dm indihome,cek indihome
1901901457844216187,@zoxar @ShopeePay_ID @IndiHome @ShopeeID @ShopeeCare Dari tadi siang juga gini terus mau bayar tagihan spaylater. Gak bisa bayangin kalo ini hari terakhir bayar tagihan. bisaÂ² kena denda. https://t.co/2Sm8syPFCz,siang gin bayar tagih spaylater tidak bayangin bayar tagih bisa kena denda
1901901237316137167,"@njenolovies @njenolovies Halo, maafin ya Kak Sha dan Joan infoin jarak yang terlalu jauh atau udah lebih dari batas FUP bisa menjadi penyebab koneksi lambatnya. Ayo infokan nomor IndiHome juga atas nama ke DM biar dicek :) -Joan",halo maafin kak sha joan infoin jarak udah batas fup sebab koneksi lambat ayo info nomor indihome nama biar cek joan
1901900860751528259,"@narawiturlove @narawiturlove Lancar terus dong pastinya sampai nanti malem dan seterusnya hihi makasih udah pake IndiHome, sehat selalu KakğŸ¥° -Joan",lancar pasti malem hihi makasih udah pake indihome sehat kak joan
1901900061619196213,"indihome seminggu ini kenapa si? nonton yt burik bngt resolusinya, udah 1080 tetep aja 360. tolong dong, udah bayar mahal juga @IndiHomeCare",indihome minggu nonton burik bngt resolusi udah tetep tolong udah bayar mahal
1901899867578151115,"@IndiHome Apaan, internet ga stabil+gangguan, 

Maaf min, itu jaringannya diapain sama teknisinya?",internet tidak stabilgangguan maaf min jaring diapain teknisi
1901899651508326499,"@zoxar @ShopeePay_ID @IndiHome @ShopeeID Hi kak zoxar, maaf ya udah buat resah terkait shopeepay yang dialami. Shopee selalu memberikan pelayanan yang terbaik untuk semua pengguna. Agar bisa aku bantu pengecekan kendalanya, kakak bisa infoin ke aku di DM ya. Terima kasih^UI",kak zoxar maaf udah resah kait shopeepay alami shopee layan baik guna bantu kece kendala kakak infoin terima kasihui
1901898876925419695,"@IndiHomeCare @IndiHome Siva cek untuk kendala Kakak sudah dibuatkan laporan dengan nomor tiket 1-M5XLQ2P, terkait laporannya sudah dalam penanganan oleh tim terkait. Berkenan menunggu progress dan update selanjutnya, ya Kak. Diupayakan permintaan Kakak terealisasikan.Terima kasih -Siva

(10 maret 2025)",siva cek kendala kakak buat lapor nomor tiket mxlqp kait lapor tangan tim kait kenan tunggu progress update kak upaya minta kakak terealisasikanterima kasih siva maret
1901898367711719581,"@IndiHomeCare @IndiHome Halo Kak Chandra. Mohon maaf atas ketidaknyamanannya. Pay cek saat ini sudah ada pelaporan dengan nomor tiket ID 1-M5XLQ2P mengenai keluhannya. Dan Pay infokan untuk kedatangan teknisi menyesuaikan ketersediaan jadwal di lapangan ya Kak.Terima kasih. -Pay

(TANGGAL 15 MARET 2025)",halo kak chandra mohon maaf ketidaknyamanannya pay cek ada lapor nomor tiket mxlqp keluh pay info datang teknisi sesuai sedia jadwal lapang kakterima kasih pay tanggal maret
1901898157660979445,@basosoryu @IndiHome Okei mohon ditunggu ya Kak @basosoryu. ğŸ˜‰-Caris,oke mohon tunggu kak caris
1901898039939449219,"@IndiHomeCare @IndiHome Kak Chandra, terkait laporannya saat ini sudah Jojo bantu follow up ke tim terkait ya guna dapat segera ditindak lanjuti. Mohon berkenan menunggu terlebih dahulu. Terima kasih. -Jojo

(TANGGAL 16 MARET 2025)",kak chandra kait lapor jojo bantu follow tim kait tindak lanjut mohon kenan tunggu terima kasih jojo tanggal maret
1901897813648351547,"@ChanSpurs @IndiHome @ChanSpurs Kak Chandra maafin ya. Konfirmasi kami lagi di DM yuk, biar dibantu penanganan lebih lanjut dan kendalanya bisa segera terselesaikan Kak. Makasih :) -Sakia",kak chandra maafin konfirmasi yuk biar bantu tangan kendala selesai kak makasih sakia
1901897743716495580,"@IndiHomeCare @IndiHome Kak Chandra, mohon maaf atas ketidaknyamanannya. Zoe cek pelaporan Kakak pada nomor tiket 1-M5XLQ2P saat ini masih dalam proses dan sudah Zoe bantu follow up ya Kak. Mohon berkenan menunggu dan diupayakan segera tersolusikan. -Zoe

(TANGGAL 16 MARET 2025)",kak chandra mohon maaf ketidaknyamanannya zoe cek lapor kakak nomor tiket mxlqp proses zoe bantu follow kak mohon kenan tunggu upaya solusi zoe tanggal maret
1901897731536523726,@IndiHomeCare @IndiHome dm cek lgi,cek lgi
1901897614330830853,"kata gue nih indihome makin gajelas , dari semalem no internet @IndiHomeCare",gue indihome gajelas semalem internet
1901897225812525136,"@IndiHomeCare @IndiHome Bohong, sudah sejak 1maret2025 auto reply, customer disuru berkenan menunggu, sedang proses, dll. Padahal mah internal nya lg error telkomsel telkom indihome, sperti ada perubahan",bohong maret auto reply customer disuru kenan tunggu proses dll mah internal nya error telkomsel telkom indihome sperti ada ubah
1901896638639034577,"@IndiHomeCare min, ada pohon tumbang kena kabel indihome, apakah ada penanganan dari indihome?. https://t.co/trSoT0h3ou",min ada pohon tumbang kena kabel indihome ada tangan indihome
1901895616474874146,@IndiHome min untuk paket diatas 50 Mbps ada ga ya ?,min paket atas mbps ada tidak
1901893980490740009,"Tanggapan perihal ""Migrasi IndiHome Sangat Lambat Setelah Merger dengan Telkomsel"" https://t.co/x8AglHRQc9",tanggap perihal migrasi indihome lambat merger telkomsel
1901893783446602144,"Tanggapan perihal ""Migrasi Paket IndiHome Tidak Kunjung Selesai, Cuma Sebatas Janji"" https://t.co/WJH4zcszRR",tanggap perihal migrasi paket indihome tidak kunjung selesai batas janji
1901890082254278994,"@IndiHomeCare @IndiHome GILA DARI KEMAREN SAMPE SIANG INI BELOM IDUP JUGA, GA ADA PENJELASAN JUGA @IndiHome @IndiHomeCare",gila kemaren sampe siang bom idup tidak ada jelas
1901889675331276902,@yoon_doljjongie Anjir malah di kasih nmr indihome wkwkwkw,astaga kasih nmr indihome wkwkwkw
1901888524179419423,"KETAWA BGT, MASA INDIHOME JUGAK MASUK SIH ğŸ˜­ğŸ˜­ğŸ˜­ğŸ˜­ğŸ˜­ğŸ˜­ https://t.co/HBnKr4pkDO",ketawa banget indihome jugak masuk sih
1901885370985480521,"@sinBside @IndiHome @sinBside Siap, Kak. Ditunggu ya, DM-nya dibalas sesuai dengan antrian. Yuk cek berkala. -Dhet",kak tunggu dmnya balas sesuai antri yuk cek kala dhet
1901884279287898322,"@zoxar @ShopeeCare @ShopeePay_ID @IndiHome @ShopeeID @SeaBankID Halo kak untuk cek kendala kamu silakan di kirim untuk melalui wa ini ;) untuk layanan CS ID  proses hanya melalui 
   https://t.co/NZXvV9kcrT
       Tks-RomeoJulian",halo kak cek kendala sila kirim layan proses tksromeojulian
1901884265799069947,"@zoxar @ShopeeCare @ShopeePay_ID @IndiHome @ShopeeID @SeaBankID Hai kakak untuk respon lebih cepat terkait kendala nya silahkan lanjut di WhatsApp kami
  https://t.co/NZXvV9kcrT
 TksÂ°Indriyani",hai kakak respon cepat kait kendala nya silah whatsapp tksindriyani
1901883614314578005,"@IndiHomeCare @IndiHome Min cepet bales dm, kalo gak gue minta cabut ni wifi asli",min cepet bales tidak gue cabut wifi asli
1901883400321163744,"@baeendtweet Thanks, sudah berbagi informasi KakğŸ˜ŠHati-hati terhadap penipuan yg mengatasnamakan IndiHome ya, jangan berikan informasi apapun terlebih data pribadiğŸ¥°-Indah",thanks bagi informasi kakhatihati tipu mengatasnamakan indihome informasi apa data pribadiindah
1901882909608513616,PASANG INDIHOME SAMA AKU YAAA https://t.co/SwG8AKii16,pasang indihome yaaa
1901882686538690879,Cara berhenti berlangganan indihome gimana ya? Ribet ga sih ğŸ˜©,henti langgan indihome gimana ribet tidak sih
1901882230944702709,"@urfavvshark Huft, Kakak langganan IndiHome juga kah? -Indah",huft kakak langgan indihome kah indah
1901882214285197459,@yoon_doljjongie eh sudah kuduga yg indihome indihome td pasti si ikha ternyata bener ğŸ˜­,duga indihome indihome ikha bener
1901881743931740566,"@IndiHomeCare bukan hanya persoalan lapor dan konfirmasi kak, kebutuhan saat ini adalah penjadwalan penanganan dan tiket antrian penanganannya, sudah 2 hari kami lapor ke kantor tapi belum ada eksekusi dari pihak indihome",lapor konfirmasi kak butuh jadwal tangan tiket antri tangan lapor kantor belum ada eksekusi indihome
1901881255312114056,IndiHome kenapa sih kalo Siang ajak gelut,indihome sih siang ajak gelut
1901880627592659232,@yoon_doljjongie Berarti bapaknya si ikha teknisi indihome?ğŸ˜­ğŸ˜­,bapak ikha teknisi indihome
1901880347878703233,@yoon_doljjongie Yg dikasih no indihome kah bii?,kasih indihome kah bii
1901879922286813402,"@dusktildawn__ Kak, langganan IndiHome juga kah? Terkait tagihan serta jaringan internetnya bisa DM mimin yuk, biar dibantu cek dan tindaklanjutiğŸ˜Š-Indah",kak langgan indihome kah kait tagih jaring internetnya mimin yuk biar bantu cek tindaklanjutiindah
1901879912514109752,"@IndiHome saya beli paket Jitu1 50mbps termasuk paket Disney+, Tapi ternyata cuma berlaku 1 bulan. Ini tidak dijelaskan dari awal pembelian paket karena CS Bilang sudah termasuk disney+ dan tidak dijelaskan kalau cuma 1 bulan saja berlaku. Mohon maaf saya merasa dirugikan disini.",beli paket jitu mbps paket disney laku tidak beli paket bilang disney tidak laku mohon maaf rugi
1901878536488558791,@grumpywinniee Kak @grumpywinniee gunain IndiHome juga kah? -Indah,kak gunain indihome kah indah
1901877902750154933,Indihome kenapa dahh udah 8 jam LOS mulu ğŸ˜­,indihome dahh udah jam los mulu
1901877191740117316,"@winterpengu Kalo Kakak, masih gunain IndiHome nggak? -Indah",kakak gunain indihome tidak indah
1901876667594985582,"@cinamounz Widihhh, Kak El langganan IndiHome kah? -Indah",widihhh kak langgan indihome kah indah
1901875214947963052,sumpah indihome nih apa ya cok,sumpah indihome cok
1901874961868062906,MODUS SECEPAT JARINGAN INDIHOME https://t.co/bppwyYFFa2,modus cepat jaring indihome
1901874104741052689,"@IndiHomeCare parah ini tolong perbaiki nonton video selalu buffering, saya Dm no Indihome nya https://t.co/czTb34Za0A",parah tolong baik nonton video buffering indihome nya
1901872348762116554,"@SahalaSmnjtk16 Kalo mimin, mimin IndiHome twitter nihğŸ¤­-Indah",mimin mimin indihome twitter nihindah
1901872182613152230,"@hannoyii @IndiHome @hannoyii Siang Kak Hanuy, maaf atas koneksinya yaa. Yuk share ke DM nomor IndiHome dan atas nama biar dicek dan benerin jaringan WiFi Kakak ya. ğŸ˜‰ -Caris",siang kak hanuy maaf koneksi yaa yuk share nomor indihome nama biar cek benerin jaring wifi kakak caris
1901871365780885548,nih indihome emg lemot kahh jaringannya?? gue chatan di wa aja pending anjirr,indihome emg lambat kahh jaring gue chatan pending anjirr
1901870447286681957,"Indihome gabisa dipasang di rumah gw, okelah kita beralih ke first media saja ~",indihome gabisa pasang rumah oke alih first media
1901870249081028959,"@ulfakanyaa @ulfakanyaa Untuk berhenti langganan Indihome bisa dibantu lewat GraPARI atau 188 ya Kak Ulfa. saat ini juga bisa kami bantu reservasi agar Kakak dihubungi 188 maksimal 1x24 jam. Kalo bersedia, lanjutin ke DM ya biar dibantu sama temen Micha di DM Makasih ğŸ˜Š -Micha",henti langgan indihome bantu grapari kak ulfa bantu reservasi kakak hubung maksimal jam sedia lanjutin biar bantu temen micha makasih micha
1901869976845533190,"@aan__ posting di facebook, mungkin banyak mengundang anak indihome berspekulasi",posting facebook undang anak indihome spekulasi
1901869456403714166,@IndiHomeCare kak mau tanya untuk prosedur pemutusan pemakaian indihome bagaimana?,kak prosedur putus pakai indihome
1901868021293215907,@ia_shev @IndiHome @ia_shev Tungguin temen Micha bales DMnya ya Kak Shev ğŸ˜Š -Micha,tungguin temen micha bales dmnya kak shev micha
1901867648721588424,@IndiHomeCare @IndiHome cek dm min,cek min
1901866445585457196,"@cnnamor Upgrade IndiHome dong, KakğŸ¤­Biar kecepatannya lebih maksimal dan bisa temani segala aktivitas Kakak :) -Indah",upgrade indihome kakbiar cepat maksimal teman aktivitas kakak indah
1901866026616389785,"@IndiHome permisi saya punya kendala wifi nya suka diskonek sendiri , terus konek lagi",permisi kendala wifi nya suka diskonek konek
1901865805211693360,"Udah ah gw capek ngomel"" Sama IndiHomeğŸ˜Œ",udah capek ngomel indihome
1901865058835091770,"Gimana nih @TENESA_TELKOM , lambat banget penanganan keluhan Telkom Enterprise.. udah setengah hari belum beres juga koneksi indihome",gimana lambat banget tangan keluh telkom enterprise udah belum beres koneksi indihome
1901864901158834205,Gw mau nonton drakor mau ngerjain tugas pliss IndiHome benerin jaringan loğŸ˜­ğŸ˜­ğŸ™ğŸ‘ŠğŸ‘Š,nonton drakor ngerjain tugas pliss indihome benerin jaring
1901864751891923189,"Hahhh kesel bgt sama IndiHome jaringan gada udh restart masih aja gabisa. Bener"" Lo ya untung lgi puasa masih sabar nih",hahhh kesel banget indihome jaring tidak ada restart gabisa bener untung lgi puasa sabar
1901864060108370028,"Kalau kamu kurang fokus, cobalah untuk makan siang dan minum segelas air putihğŸ¤£

#IndiHome https://t.co/hzyCiapMQg",fokus coba makan siang minum gelas air putih
1901863452374884622,Plisss ini gimna IndiHome huhh udh restart sama aja masih loss. Cs sulit di telfon ada saran ga harus ngapain? ğŸ¥²ğŸ¥²,plisss gimna indihome huhh restart loss sulit telfon ada saran tidak ngapain
1901863448033804766,@omdidittt @IndiHome @omdidittt Pasti dibantu cek untuk DMnya kok Kak Adit. Tunggu ya :) -Sakia,bantu cek dmnya kak adit tunggu sakia
1901863118667661602,gue mau migrasi paket indihome jd lama bgt balas dm gue,gue migrasi paket indihome banget balas gue
1901863030431863218,"@IndiHomeCare @IndiHome haloo ka, tolong dibantu cek dm ya. terimakasih",haloo tolong bantu cek terimakasih
1901862908088426619,"@lovu_somatcha IndiHome hadirrr â˜ºï¸Kenapa, kenapa Kak? -Indah",indihome hadirrr kak indah
1901862381128720524,"@KinGembuL Kak Alfian, langganan IndiHome juga kah? Kuy, DM mimin nomor internetnya buat dicekğŸ˜Š-Indah",kak alfian langgan indihome kah kuy mimin nomor internetnya dicekindah
1901861422734406124,"@aigoaigu @berandaall @sarahastro TUNGGU KTV, GRAMEDIATV, CTV BANTEN MASUK INDIHOME",tunggu ktv gramediatv ctv banten masuk indihome
1901861316278804732,"@saintdelouvre @kegblgnunfaedh TUNGGU KTV, GRAMEDIATV, CTV BANTEN MASUK INDIHOME",tunggu ktv gramediatv ctv banten masuk indihome
1901861287065502091,"@kegblgnunfaedh TUNGGU KTV, GRAMEDIATV, CTV BANTEN MASUK INDIHOME",tunggu ktv gramediatv ctv banten masuk indihome
1901861212687863843,"@KurniawanRicho TUNGGU KTV, GRAMEDIATV, CTV BANTEN MASUK INDIHOME",tunggu ktv gramediatv ctv banten masuk indihome
1901860989127315558,"@tebelams @HabisNontonFilm TUNGGU KTV, GRAMEDIATV, CTV BANTEN MASUK INDIHOME",tunggu ktv gramediatv ctv banten masuk indihome
1901860948174102915,"@deberita_com @HabisNontonFilm TUNGGU KTV, GRAMEDIATV, CTV BANTEN MASUK INDIHOME",tunggu ktv gramediatv ctv banten masuk indihome
1901860861913800960,"@kapalterbangs TUNGGU KTV, GRAMEDIATV, CTV BANTEN MASUK INDIHOME",tunggu ktv gramediatv ctv banten masuk indihome
1901860785242210699,@desnatalue @desnatalue Betul Kak Ameng. Call Center IndiHome yaitu 188 ya. Kakak juga bisa tunggu balesan di DM untuk dibantu lebih lanjut. Makasih :) -Sakia,kak ameng call center indihome kakak tunggu balesan bantu makasih sakia
1901855959674421297,@notemon3 Sekarang IndiHome menjadi 1 di aplikasi MyTelkomsel ya KakğŸ¤©-Indah,indihome aplikasi mytelkomsel kakindah
1901855754749120877,"Sampai saat ini tidak jelas proses sampai mana? Migrasi gk berhasil, tagihan gk berubah.
Anj*******************ng.

@Telkomsel 
Brengsek kalian
@IndiHome 

Bantu up biar di perhatikan 
@Heraloebss 
@neVerAl0nely 
@Pai_C1 
@kemkomdigi 
@KemenBUMN 
@erickthohir https://t.co/qtTuIDY2xU",tidak proses migrasi hasil tagih ubah anjng brengsek bantu biar perhati
1901855064232227102,"@ErodedHoe Tau banget nih Kak Awan, pasti udah lama ya jadi pelanggan Indihome? ğŸ˜Š -Tiar",tau banget kak awan udah langgan indihome tiar
1901855017776415139,indihome bener bener yağŸ™‚,indihome bener bener
1901854573477707986,bingung mau ganti wifi atau upgrade indihome ğŸ¥¹,bingung ganti wifi upgrade indihome
1924457561039765909,"@saemaemunah @IndiHome Mohon kesediaan Bpk/ibu untuk menghubungi layanan WhatsApp kami untuk kami bantu.
pengecekan lebih lanjut
               ğŸ‘‡ğŸ¼
https://t.co/dt0xoUL1YD
       Admin-lisa",mohon sedia bpkibu hubung layan whatsapp bantu kece adminlisa
1924457547257589967,"@IniMinNeo Bayar Tagihan Indihome 
#GiveawayIndiHomeBorneo #IndiHomeBorneo
Yuk ikutan
@panggil_iam1005 
@SantyCiu 
@panggil_iam1005 
Sukses selalu @IniMinNeo 
Semoga beruntung",bayar tagih indihome yuk ikut sukses moga untung
1924457507986006333,"@froufroumwaa @IndiHome Mohon kesediaan Bpk/ibu untuk menghubungi layanan WhatsApp kami untuk kami bantu.
pengecekan lebih lanjut
               ğŸ‘‡ğŸ¼
https://t.co/dt0xoUL1YD
       Admin-lisa",mohon sedia bpkibu hubung layan whatsapp bantu kece adminlisa
1924457427778560026,.@IndiHome parah bgt lu muka key jadi buriq https://t.co/aeLzNLeFdk,parah banget muka key buriq
1924457344886587660,"40mb doang ngirim nya lama banget anjr, INDIHOME LU KENAPA BOSOK BGT SIH INI JUGA IM3 JELEK BGT ANJR DI DAERAH GW SKRG... PADAHL DULU LANCAR LANCAR AJA ğŸ˜­",doang ngirim nya banget anjr indihome bosok banget sih jelek banget anjr daerah skrg padahl lancar lancar
1924456932452229396,"2 hari indihome jelek banget ya allah please saranin gue wifi 
Yg kagak lemot anjirr",indihome jelek banget allah please saranin gue wifi kagak lambat anjirr
1924456816614027641,@IndiHome cek dm pleaseeeee,cek pleaseeeee
1924456697059532822,"@IniMinNeo ""BAYAR TAGIHAN INDIHOME""
#GiveawayIndiHomeBorneo 
#IndiHomeBorneo 

Yuk ikutan...
@RikaRifanti84 
@FannyAfrizal86 
@Murdhany88 
@Andayany82 

Sukses terus @IniMinNeo 
Semoga saya beruntung! 

#IndiHome4u
#Tsel4u
#PamasukaBergerakBerdampak",bayar tagih indihome yuk ikut sukses moga untung
1924456055947600074,"@IndiHome @IndiHomeCare ini sinyalnya suka drop soalnya, tolong di cek dong apakah udh nyampe FUP atau gmn....",sinyal suka drop tolong cek nyampe fup gmn
1924455774643781998,"@hp1290895558 @IndiHome @IndiHomeCare Mohon kesediaan Bpk/ibu untuk menghubungi layanan WhatsApp kami untuk kami bantu.
pengecekan lebih lanjut
               ğŸ‘‡ğŸ¼
https://t.co/dt0xoUL1YD
       Admin-lisa",mohon sedia bpkibu hubung layan whatsapp bantu kece adminlisa
1924455758298554624,"@WhyIhaveto @IndiHome Mohon kesediaan Bpk/ibu untuk menghubungi layanan WhatsApp kami untuk kami bantu.
pengecekan lebih lanjut
               ğŸ‘‡ğŸ¼
https://t.co/dt0xoUL1YD
       Admin-lisa",mohon sedia bpkibu hubung layan whatsapp bantu kece adminlisa
1924455735183778228,"@byeppo @IndiHome Mohon kesediaan Bpk/ibu untuk menghubungi layanan WhatsApp kami untuk kami bantu.
pengecekan lebih lanjut
               ğŸ‘‡ğŸ¼
https://t.co/dt0xoUL1YD
       Admin-lisa",mohon sedia bpkibu hubung layan whatsapp bantu kece adminlisa
1924455543789507023,"@IndiHome @IndiHomeCare dah ku dm min, tapi blm dibales",dah min belum dibales
1924454981777961262,"@IndiHome Saya udh bales ka, tolong bales lagi ka",bales tolong bales
1924454811954733284,@IndiHome halo tolong cek dm,halo tolong cek
1924454003896942647,"@IniMinNeo Bayar Tagihan IndiHome
#GiveawayIndiHomeBorneo
#IndiHomeBorneo

@SayWinNow 
@meili76moruk 
@chocoburritos",bayar tagih indihome
1924453934133133512,"@IniMinNeo Bayar Tagihan IndiHome
#GiveawayIndiHomeBorneo
#IndiHomeBorneo

@TherHOKI 
@FannyAfrizal86 
@_annas_k",bayar tagih indihome
1924453758450213255,"@quesierrra @IndiHome Mohon kesediaan Bpk/ibu untuk menghubungi layanan WhatsApp kami untuk kami bantu.
pengecekan lebih lanjut
               ğŸ‘‡ğŸ¼
https://t.co/dt0xoUL1YD
       Admin-lisa",mohon sedia bpkibu hubung layan whatsapp bantu kece adminlisa
1924453662832947284,@IndiHome min cek dm plis,min cek plis
1924453002141966456,"@IndiHome gua mo berhenti langganan aja lah, capek bayar mahalÂ² tapi nonton yt buffering mulu, tai",gua henti langgan capek bayar mahal nonton buffering mulu tai
1924452955429949548,indihome lagi kenapa sih kok error,indihome sih error
1924452905584873960,indihome ini udh 2 hari jaringannya jelek bgttttt sihhhhh elahhhğŸ˜­ğŸ˜­ğŸ˜­ğŸ˜­ https://t.co/zXlgXWCzp8,indihome jaring jelek bgttttt sihhhhh elahhh
1924452754811924784,"@404_boyfindlv @IndiHome @IndiHomeCare Mohon kesediaan Bpk/ibu untuk menghubungi layanan WhatsApp kami untuk kami bantu.
pengecekan lebih lanjut
               ğŸ‘‡ğŸ¼
https://t.co/dt0xoUL1YD
       Admin-lisa",mohon sedia bpkibu hubung layan whatsapp bantu kece adminlisa
1924452661069541464,@IndiHome @IndiHomeCare udh saya dm,
1924452639208874007,"@IniMinNeo Bayar Tagihan IndiHome
#GiveawayIndiHomeBorneo 

@kartiika26 @Callmeranti_99 @squashdel",bayar tagih indihome
1924452350581727514,"@marleysyauqi @pmtkemkomdigi @IndiHome Mohon kesediaan Bpk/ibu untuk menghubungi layanan WhatsApp kami untuk kami bantu.
pengecekan lebih lanjut
               ğŸ‘‡ğŸ¼
https://t.co/dt0xoUL1YD
       Admin-lisa",mohon sedia bpkibu hubung layan whatsapp bantu kece adminlisa
1924452291408756766,Indihome lg jelekkkbgt gasih akhir-akhir ini?!?? Tbtb suka buffering,indihome jelekkkbgt gasih akhirakhir tbtb suka buffering
1924452009207586877,Ini jaringan Indihome jahat banget yaallah ğŸ˜­ğŸ˜­,jaring indihome jahat banget yaallah
1924451999736848705,"@pmtkemkomdigi @IndiHome Hi min, terimakasih atas perhatiannya, silahkan cek DM",min terimakasih perhati silah cek
1924451902370300205,"Wifi klo jam sgini psti kya tai, ga telkomsel ga indihome sama sama pantek sinyalnya makin kesini asu",wifi klo jam sgini psti kya tai tidak telkomsel tidak indihome pantek sinyal kesini asu
1924451801019162714,@IndiHomeCare min kalo remot indihome tv rusak bisa di benerin teknisi atau ganti baru ya??,min remot indihome rusak benerin teknisi ganti
1924451748191580633,"@lailyindira @IndiHome @IndiHomeCare Mohon kesediaan Bpk/ibu untuk menghubungi layanan WhatsApp kami untuk kami bantu.
pengecekan lebih lanjut
               ğŸ‘‡ğŸ¼
https://t.co/dt0xoUL1YD
       Admin-lisa",mohon sedia bpkibu hubung layan whatsapp bantu kece adminlisa
1924451722270790015,"@riizesunggchan @IndiHome Mohon kesediaan Bpk/ibu untuk menghubungi layanan WhatsApp kami untuk kami bantu.
pengecekan lebih lanjut
               ğŸ‘‡ğŸ¼
https://t.co/dt0xoUL1YD
       Admin-lisa",mohon sedia bpkibu hubung layan whatsapp bantu kece adminlisa
1924451402715467807,"@IndiHome Aman, gercep bgt 30 menit teknisinya langsung sampe",aman gercep banget menit teknisi langsung sampe
1924451261077914084,@IndiHome dari kemarin tau ğŸ¥¹ğŸ¥¹ğŸ¥¹,kemarin tau
1924451229587169407,@MZafin @IndiHome Siap boskuuuu,boskuuuu
1924451147940811219,@IndiHome kak cek dm,kak cek
1924451019658056035,"halo min @IndiHome @IndiHomeCare mohon segera cek dm ya, saya sudah menghubungi beberapa admin sudah dari kemarin tapi sampai skrg blm ada respon. terimakasi",halo min mohon cek hubung admin kemarin skrg belum ada respon terimakasi
1924447010360619433,@ReiDuduk emang dia indihome?,emang indihome
1924446942811340892,"ğŸ“„ Berhenti berlangganan IndiHome? Mau urus tapi berhalangan datang?

âœ… Gunakan Surat Kuasa Pemutusan Layanan IndiHome

ğŸ“Œ Template Format Word SIAP PAKAI!

ğŸ“¥ Download di Format Administrasi Desa:
ğŸ”— https://t.co/nKbJiGxvAk

#IndiHome #SuratKuasa",henti langgan indihome urus halang surat kuasa putus layan indihome template format word pakai download format administrasi desa
1924446183235416554,"@IndiHome @IndiHomeCare @IndihomeJTD Layar di promosi terus, cek dm",layar promosi cek
1924445494413230251,"indihome, telkom emng sinyal nya lg pd jelek ya??? ngelag bgt taik",indihome telkom emng sinyal nya jelek ngelag banget taik
1924445201755763030,"@IniMinNeo Bayar Tagihan IndiHome
#GiveawayIndiHomeBorneo
#IndiHomeBorneo
@WatiTrisnawat14 @Rin179184 @risa_wulandari",bayar tagih indihome
1924445180712923550,"@lecippie @hazeulnats Merasa terpanggil nih Kak, ada apa nih? Jika ada hal yang ingin ditanyakan seputar layanan IndiHome bisa hubungi kami yağŸ˜Š. -Maul",panggil kak ada ada putar layan indihome hubung maul
1924444777430573544,"@IndiHome udah email dan dm dongg, tapi tidak direspon hehehe",udah email dongg tidak direspon hehehe
1924444761601331519,"@IniMinNeo Bayar Tagihan IndiHome
#GiveawayIndiHomeBorneo
#IndiHomeBorneo
@Nuraeni40359747 @RinRin82779740 @sanjayaroni283",bayar tagih indihome
1924444718362218729,"@kakayipii @IndiHomeCare Untuk berhenti berlangganan, saat ini bisa lewat GraPARI terdekat atau Call Center 188. Kalau mau, Maul bisa bantu reservasikan agar Kakak dihubungi dari 188. Silakan DM detail permintaan &amp; nomor internetnya ke akun @IndiHome ya ğŸ™ -Maul",henti langgan grapari dekat call center maul bantu reservasikan kakak hubung sila detail minta amp nomor internetnya akun maul
1924444427248099758,"@astronotmars Indihome:
Assalamualaikum",indihome assalamualaikum
1924444403651014676,@IndiHome cek dm y! thx,cek thx
1924444086137933872,"@SimasBatam @IndiHome @SimasBatam Cek berkala balasan DM nya ya, Kak Simas. Temen Rai di DM pasti akan respons DM nya segera ğŸ˜Š -Rai",cek kala balas nya kak simas temen rai respons nya rai
1926919701520580954,"@bxghouse aku sebagai anak indihome ngeliatnya kaya ada yang kurang gitu ya nderr, coba tonenya naikin sedikit ^&gt;^",anak indihome ngeliatnya kaya ada gitu nderr coba tonenya naikin
1926919136992481499,"@neowa_naega Hai, Kak. Untuk laporannya akan dicek dulu dan apakah berkenan kami bantu pindahkan posisi modemnya? selanjutnya bisa DM kami ke akun @IndiHome ya. -Duwi",hai kak lapor cek kenan bantu pindah posisi modem akun duwi
1926918652156158371,@IndiHome M = MENUNGGU TEKNISI DATANG SAMAPI SEKARANG TAK DATANG DATANG SUDAH DUA HARI,tunggu teknisi samapi
1926918532622688472,@BuzzSeunghan Kalau Kakak pakai IndiHome juga ga nih?ğŸ˜Š -Duwi,kakak pakai indihome tidak duwi
1926918472010719481,"Kenapa nih Indihome di rumahku gak nyala2 dari kemarin..
Min @IndiHomeCare bisa bantu?",indihome rumah tidak nyala kemarin min bantu
1926917727412785384,@IndiHome Cek dm kak,cek kak
1926916656086892991,"@IndiHome Halo min, bisa cek dm ku ya",halo min cek
1926916123821298071,Yah ada sales indihome bete gw jir https://t.co/bPfP26spvq,ada sales indihome bete jir
1926915313867633022,"@IndiHome cek Dmku min, penting",cek dmku min
1926914381662613670,@IndiHome kak ini internet saya kok lemot bgt yah. Bayar tepat waktu tapi internetnya lemot parah! https://t.co/wOHqba7MF7,kak internet lambat banget bayar internetnya lambat parah
1926914262263276017,@roasted6read Maaf. Caris cek belum ada DM dari Kak @roasted6read. Silakan Kakak bisa coba konfirmasikan kembali dan DM-nya ke akun ini @IndiHome ya. ğŸ˜Š -Caris,maaf caris cek belum ada kak sila kakak coba konfirmasi dmnya akun caris
1926914133238137233,@IndiHome kak lampu wifi los merah kedip2 kenapa ya? Udh restart sama aja,kak lampu wifi los merah kedip restart
1926913847933223257,"Laporkan ke @IndiHomeCare dan @IndiHome, pasti segera tertangani. Aspek maintenance mereka punya kinerja baik. Insya Allah... https://t.co/8mQGbeUz5P",lapor tangan aspek maintenance kerja insya allah
1926913064810467479,@IndiHome Min dm saya dari kemaren kgk dibales bales,min kemaren kgk dibales bales
1926912897713664240,"@IndiHome Maunya gitu, cuma ini dah lebih 12 jam belum bisa koneksi, katanya perbaikan dari sisi sentral, jadi gak bisa sat set,,,",mau gitu dah jam belum koneksi baik sisi sentral tidak sat set
1926912872283549801,@IndiHomeCare @IndiHome benerin deh sistem lu!,benerin deh sistem
1926911206511530355,"indihome nih sering bgt gangguan heran, trs kalo komplain ditanyain macem macem lah prosesnya lama ngeselin bgt",indihome banget ganggu heran trs komplain ditanyain macem macem proses ngeselin banget
1926909669957644352,@IndiHomeCare @IndiHome tolong buka DM!,tolong buka
1926908415164428689,@IndiHomeCare @IndiHome wifinya saya LOS bisa di bantu ga ya ? Udah mati nyala modem masih sama,wifinya los bantu tidak udah mati nyala modem
1926906722423119975,indihome kenapa lagi sih?,indihome sih
1926905070676779369,@IndiHomeCare @kkadenug @IndiHome Apakah boleh tolong cek dm? Trims,tolong cek trims
1926903709524431151,jir indihome gangguan kah,jir indihome ganggu kah
1926901988245094750,INDIHOME TAI AH GABISA MAIN GRGR JARINGAN,indihome tai gabisa main grgr jaring
1926901653749264539,"@IndiHome hi saya mau panggil teknisi ke rumah, cara nya gimana?",panggil teknisi rumah nya gimana
1926901201007788115,"hdh indihome gini mulu dah lemotttttt parahh, selain indihome apa dah? mw gnti gue. udah mahal tp jaringan nol",hdh indihome gin mulu dah lemotttttt parahh indihome dah gnti gue udah mahal jaring nol
1926901093478371535,@IndiHomeCare @IndiHome Selamat siang. Kalau mau berhenti berlangganan gimana caranya selain harus mendatangi grapari,selamat siang henti langgan gimana grapari
1926900321273417837,@IndiHome Ini wifi area kelapa dua kapan selesai di benerin nya saya butuh banget ini,wifi area kelapa selesai benerin nya butuh banget
1926899603166662799,Wifi gue fyi indihome,wifi gue fyi indihome
1926899274115068025,"Krn biasanya indihome yg rajin gangguan, sekalinya canva down, kukira indihome yg error ğŸ¤£",indihome rajin ganggu sekali canva down kira indihome error
1926898381617574287,"@chochubear @IndiHome @chochubear Kak, mohon maaf. Diupayakan segera terealisasi. Akan dibantu follow up, dengan konfirmasi dan lanjutkan interaksinya di DM ya. Makasih. -Dhet",kak mohon maaf upaya realisasi bantu follow konfirmasi lanjut interaksi makasih dhet
1926898089639498061,@IndiHome cek DM ka,cek
1926897679725928885,@IndiHomeCare @IndiHome tolong cek dm,tolong cek
1926897325365993557,"cara ganti paket indihome gimana? @Telkomsel @IndiHomeCare, gausah dm langsung reply aja biar yang lain tau aplikasi lu seribet itu",ganti paket indihome gimana gausah langsung reply biar tau aplikasi seribet
1926897300351148208,gimana @IndiHome @Telkomsel sudah 3 minggu proses migrasi indihome saya gak ada kejelasan. harus nunggu berapa lama lagi ya?,gimana minggu proses migrasi indihome tidak ada jelas nunggu
1926896896766808455,@IndiHome Boleh cek dm mba duwi,cek mba duwi
1926895983171940725,"@mrsyasni Maaf ya Kak, kami bantu cek prosesnya ya. Sebelumnya infoin nomor internetnya dulu di DM @IndiHome. -Duwi",maaf kak bantu cek proses infoin nomor internetnya duwi
1926895865106514341,"indihome kimak, bayar mahalâ€ kerjaannya lemot aja anjg",indihome kimak bayar mahal kerja lambat anjg
1926895155971342807,@IndiHome nomor internet tuh maksudnya nomor pelanggannya?,nomor internet tuh maksud nomor langgan
1926894678131032299,"Min @IndiHomeCare  udah ditungguin semingguan lebih buat pasang lagi indihome karena abis pindahan rumah, padahal pindahannya ga jauh dari rumah sebelumnya. Ditanya langsung ke kantor malah muter-muter dan iya-iya doang. Gimana sih!!!!",min udah ditungguin minggu pasang indihome abis pindah rumah pindah tidak rumah langsung kantor mutermuter iyaiya doang gimana sih
1926894510597951670,"@vetraptorz Maaf ya Kak ganggu main game-nyağŸ¥ºDuwi bantu cek dan solusikan ya Kak, yuk infoin nomor internetnya di DM @IndiHome. -Duwi",maaf kak ganggu main gamenyaduwi bantu cek solusi kak yuk infoin nomor internetnya duwi
1926893728758726764,"@dirnyot Maaf ya Kak, untuk laporannya bisa karena kabel putus di lokasi. Tapi coba pastikan dulu kabel patch cord-nya sudah terpasang dengan benar. Kalau tetap kendala, DM nomor internetnya ke akun @IndiHome ya biar bisa dibantu lebih lanjut. -Duwi",maaf kak lapor kabel putus lokasi coba pasti kabel patch cordnya pasang kendala nomor internetnya akun biar bantu duwi
1926893330735981055,MUAK BANGET GUA SAMA WIFI INDIHOME YG MATI NYALA MATI NYALA TERUS. PUKI,muak banget gua wifi indihome mati nyala mati nyala puki
1926893280664408482,"@IndiHome @Telkomsel @TelkomIndonesia MAS, tolong internet saya kok gak pernah dapat royalti ya, padahal bayar tagihan gapernah telat.
temen saya barengan pasangnya tahun 2020 udah 2x dpet royalti.
males bgt mw cabut saja mas.",mas tolong internet tidak royalti bayar tagih gapernah telat temen bareng pasang udah dpet royalti males banget cabut mas
1926892806666076400,@MaharSonnya Maaf ya Kak untuk kendalanya. Kalo boleh tau dari kapan nih Kak? Pastikan juga device yang terhubung tidak melebihi batas optimum serta jaraknya juga tidak terlalu jauh dari modem ya. Kalau masih kendala infoin nomor internetnya di DM @IndiHome ya. -Duwi,maaf kak kendala tau kak pasti device hubung tidak lebih batas optimum jarak tidak modem kendala infoin nomor internetnya duwi
1926891558944616922,"@IndiHome kak saya mau nonaktifin layanan indihome saya, caranya bgimana ya??",kak nonaktifin layan indihome bgimana
1926891410252283912,"@bangdixonnn @IndiHome @bangdixonnn  Maaf, Kak Fatah. Boleh infokan nomor internet dan atas nama via DM, agar dibantu pengecekan lebih lanjut ya. Makasih. -Dhet",maaf kak fatah info nomor internet nama via bantu kece makasih dhet
1926891002670764154,"@garfieldxxx__ @garfieldxxx__ Sayang banget, Kak Garfield ğŸ¥º Bisa kami bantu reservasi permintaan berhenti berlangganan IndiHome agar nantinya dihubungi 188 maksimal 1x24 jam. Yuk konfirmasi via DM ğŸ˜Š -Darlan",sayang banget kak garfield bantu reservasi minta henti langgan indihome hubung maksimal jam yuk konfirmasi via darlan
1926890737301438567,P gaada internetnya nih wifi @IndiHome @Telkomsel,gaada internetnya wifi
1926890023548256589,"indihome tolong benerin sinyalnya hp gw suka jumping sinyal sampe 200 an njir setiap in game 

selama game loh bukan sekali dua kali doang ğŸ˜­ğŸ™

@IndiHomeCare",indihome tolong benerin sinyal suka jumping sinyal sampe njir game game loh kali doang
1926889977700315199,"@IndiHome Hallo, saya mau pemutusan internet indihome saya. Boleh dibantu proses thx",hallo putus internet indihome bantu proses thx
1926889040223076788,TERUS gunanya abang naruh paketan indihome disitu apa.... https://t.co/eB5Vo8J5EV,guna abang naruh paket indihome situ
1926888439615471780,indihome knp ya anjir ğŸ˜­,indihome knp astaga
1926886853795266565,@BlSAGlLA @matchamngo @seungkwanee @jhotietrn @IndiHome @IndiHomeCare Kak mau nanya buat awal pemasangan ada fee lagi gk atau 150k udah include semua?,kak nanya pasang ada fee udah include
1926884864680247721,"@IndiHomeCare ini gmn ya, wifi indihome dari kemarin lemah bgt",gmn wifi indihome kemarin lemah banget
1926883368655872035,"@IndiHome Bulan M-nya, Malas ngerjain tugas, ini sudah akhir bulan permintaan saya belum diproses",mnya malas ngerjain tugas minta belum proses
1926883268202303967,@IndiHome cek lg yuks,cek yuks
1926881804859928791,"@IndiHomeCare @IndiHome ada masalah apa sii, dari tadi wifi gada jaringannya",ada sii wifi tidak ada jaring
1926881594448523665,"DiWA gak bales, aplikasi indihome suru download my telkomsel. Nggak kelar juga masalahnya. Call center juga gabisa. Udah 3 hari tempat kopi gue di bohongin sama @IndiHome @IndiHomeCare yang gak care2 amat",diwa tidak bales aplikasi indihome suru download telkomsel tidak kelar call center gabisa udah kopi gue bohongin tidak care
1926879719426785522,"kost putri di jakal km. 5. 850k km dalem, 750k km luar, ada yang bersih bersih, free listrik air indihome, tanpa jam malem, untuk kesediaan stok tanyakan di dm ya! https://t.co/oQhT0dhmnm",kost putri jakal dalem ada bersih bersih free listrik air indihome jam malem sedia stok
1926876708348514631,Wifi indihome kenapa sih error mulu,wifi indihome sih error mulu
1926875974668255662,@abbiefurai @IndiHome WKAKSKSKWWKKWK ABBIEEE NO NO JGN MARAH DOONG,wkakskskwwkkwk abbieee marah doong
1926875806032175589,ini indihome sampe kapan deh errornya? gabisa dipake dari pagi sampe sekarang.,indihome sampe deh errornya gabisa dipake pagi sampe
1926874168454250909,@IndiHome Ok udah,udah
1926873423227097129,@IndiHome sudah min cek dm ya,min cek
1926873129030201651,"@traumea Kak, apakah yang dimaksud pemakaian kuota teleponnya untuk penggunaan Telepon rumah? selanjutnya bisa hubungi kami di DM @IndiHome ya. -Duwi",kak pakai kuota telepon guna telepon rumah hubung duwi
1926872911467401297,@IndiHome lagi gangguan yaa??,ganggu yaa
1926872258779222318,@IndiHome lagi gangguan kah?,ganggu kah
1926871561786576948,@IndiHomeCare @kkadenug @IndiHome Kak cek dm. Tv saya stb ga Connect,kak cek stb tidak connect
1926870918736867419,"@nirrrrrlaba Meluncur KakğŸ˜Š Untuk permintaan berhenti berlangganannya bisa dibantu reservasi melalui kami. Sebelumnya kami cek dulu ya, infoin nomor internetnya di DM @IndiHome yuk. -Duwi",luncur kak minta henti langgan bantu reservasi cek infoin nomor internetnya yuk duwi
1926870822859297172,orang jahat itu terlahir dari orang baik yg pakai indihome https://t.co/GNNzX1asAk,orang jahat lahir orang pakai indihome
1926869741483786305,@IndiHome @NewDistrick13 pls cek dm,pls cek
1926869660038783386,"@IndiHome  siang min, ini internet lagi gangguan apa gimana ya? ini dari pagi mati nyala koneksinya
udah komplen via telpon, di reset masih sama aja",siang min internet ganggu gimana pagi mati nyala koneksi udah komplen via telpon reset
1926869261978386521,min indihome lg ganguan kah dari kemaren wifi dirmh lemot bgt hari ini malah gaada jaringan sama sekali @IndiHome,min indihome ganguan kah kemaren wifi dirmh lambat banget gaada jaring
1926867798698917916,"Indihome mulai bermasalah lagi kah? 
@IndiHomeCare @IndiHome",indihome masalah kah
1926867168672535015,@IndiHome Cek dm min,cek min
1926866520673591425,@IndiHome Pemakaian wifi hanya 7 - 8 hp,pakai wifi
1926865932871254490,@IndiHome Sudah saya dm.,
1926865701685338376,Demi allah pelayanan Indihome ga banget,allah layan indihome tidak banget
1926865699391066579,"Tolong dong IndiHome, lelet banget sih, padahal udh telfon operator tapi belum ada perbaikan.",tolong indihome lelet banget sih telfon operator belum ada baik
1926865551223148739,"@mitzuo Benar, Kak Mitzhi. Namun untuk dipastikan infoin nomor internet dan atas nama pemiliknya dulu di DM @IndiHome ya. -Duwi",kak mitzhi infoin nomor internet nama milik duwi
1926864615616487505,"@rafkanadizel aku juga waktu itu ga jadi pasang indihome karena itu ğŸ˜­ waktu mau pasang ada tnc gitu dikasih tau, mungkin temen suami kakak dikasih tau pihak indihome tapi dia ga ngasih tau kakak",tidak pasang indihome pasang ada tnc gitu kasih tau temen suami kakak kasih tau indihome tidak ngasih tau kakak
1926863813099286972,"@18Pandachu66502 Kak, maaf ya. Apakah sudah dipastikan jumlah device yang terhubungnya tidak melebihi batas optimum, Kak?  jika masih kendala infoin nomor internetnya dulu di DM @IndiHome yaa. -Duwi",kak maaf device hubung tidak lebih batas optimum kak kendala infoin nomor internetnya yaa duwi
1926863403705835697,"@IndiHome Min cek dm ya, makasihh",min cek makasihh
1926863206737211526,"@IndiHome Min cek dm ya, tq",min cek
1926862538869723227,"@rafkanadizel Kak si wifi jelek indihome itu harus 1 tahun dulu baru bs lepas atogak kena denda. 

Kalo nama pemilik pake nama Ibu kakak, cb minta jadwalin CS via video call aja. Kmrn aku downgrade &amp; uphrade paket pake layanan CS VC, tp ya harus Ibu kakak yg VC.",kak wifi jelek indihome lepas atogak kena denda nama milik pake nama kakak jadwalin via video call kmrn downgrade amp uphrade paket pake layan kakak
1926862179799626068,"@sapphicable Kak maaf aku ga di infoin sama sekali baik oleh temen suamiku maupun pihak indihome, soal tagihan itu juga baru dikasih setelah 2 bulan. Aku gabisa cek karena id nya pun di cek dimana mana ga valid kak",kak maaf tidak infoin temen suami indihome tagih kasih gabisa cek nya cek mana tidak valid kak
1926861879873278027,@IndiHome Min cek dm please,min cek please
1926861521117737038,@rafkanadizel kak indihome emg harus 1 tahun baru lepas kalo belum 1 tahun setahuku kena denda,kak indihome emg lepas belum tahu kena denda
1926861202031854002,@IndiHome udah aku dm ya min,udah min
1926860836934468025,@IndiHome sudah dicoba tapi ga ngaruh sama sekali,coba tidak ngaruh
1926859854401958119,"@IndiHome sudah saya dm, kak. boleh di cek kembali.",kak cek
1926859574075662467,"@mancingmaniiac Siap Kak, untuk permintaan berhenti berlangganannya bisa dibantu melalui kami reservarinya. Sebelumnya akan dicek dulu, infoin nomor internetnya di DM @IndiHome ya. -Duwi",kak minta henti langgan bantu reservarinya cek infoin nomor internetnya duwi
1926859013796315240,"@nnyeyey Maaf ya Kak jadi ga nyaman. Duwi bantu cek lebih lanjut ya, sebelumnya infoin nomor internetnya di DM @IndiHome yuk. -Duwi",maaf kak tidak nyaman duwi bantu cek infoin nomor internetnya yuk duwi
1926858777061470629,@neotrophile Kak wifinya bayar dlu aku dari indihome,kak wifinya bayar dlu indihome
1926858579220234449,"@arlettadev Maaf ya Kak ganggu kerjanya. Untuk dicek dan disolusikan, sebelumnya infoin nomor internetnya dulu di DM @IndiHome yuk. -Duwi",maaf kak ganggu kerja cek solusi infoin nomor internetnya yuk duwi
1934580043684131179,@IndiHome min @IndiHome  napa sih lemot mulu dari kmrn,min napa sih lambat mulu kmrn
1934579975019180225,"@IndiHome Pantau aja dari pusat, paling balas nya ""Kami pantau normal, mau mimin bantu reset dari pusat?"" Udah bolak balik reset dari pusat / reset router! Tetep aja presist lag / high ping nya #IndiHomebyTelkomsel #indihome #PUBGMOBILE",pantau pusat balas nya pantau normal mimin bantu reset pusat udah bolak reset pusat reset router tetep presist lambat high ping nya
1934579810703221227,@IndiHome minnn woii plis buka DM ki,minnn woii plis buka
1934579554049487146,"@IndiHome helppp bgt los merah dari tadi udah coba mati nyalain bbrp kali tapi masih merah, plis mau vote svt di mnet iniğŸ˜­ğŸ§ğŸ»â€â™€ï¸ğŸ§ğŸ»â€â™€ï¸ğŸ§ğŸ»â€â™€ï¸",helppp banget los merah udah coba mati nyalain bbrp kali merah plis vote svt mnet
1934579550106820913,"@IndiHome pake dong, tpi lelet kak â˜ºï¸ğŸ«µğŸ»",pake tpi lelet kak
1934579342824345938,gabut bgt admin Indihome ğŸ˜­ğŸ«µğŸ» https://t.co/7jaE3PKtsf,gabut banget admin indihome
1934579262935421205,MANAAAAAA BALES DM AKU SEGERAAAAA @IndiHome @IndiHomeCare,manaaaaaa bales segeraaaaa
1934579243469709698,"@gldscdn Ada kendala apa nih sama IndiHome-nya, Kak? Sini yuk DM-in detail laporan dan nomor internetnya ke Mimin di akun @IndiHome biar Mimin langsung bantu. -Abdul",ada kendala indihomenya kak yuk dmin detail lapor nomor internetnya mimin akun biar mimin langsung bantu abdul
1934579065975156994,"@IndiHome Sudah kak, terimakasih sudah dibantu ğŸ«¡",kak terimakasih bantu
1934578768301183223,@IndiHome min cek dm,min cek
1934578653255590380,"Soal sabar ga usah ditanya, aku pengguna Livin dan Indihome.",sabar tidak guna livin indihome
1934578651141677082,@IndiHome cek dm ya min,cek min
1934578628853178866,"@IndiHome cek DM min, udah 2 bulan buat main #PUBGM ping gak stabil! #IndiHomebyTelkomsel #indihome Di coba gue sendiri yang konek juga lag, ini paket HSI Gamer royalty up ke 40 Mb lho! https://t.co/8VdIQwDgo5",cek min udah main ping tidak stabil coba gue konek lambat paket hsi gamer royalty lho
1934578555817767234,"@putcaylim Maafin Kak, saat ini interaksinya kita pindah ke @IndiHome yuk. DM-in detail laporannya kesini biar Mimin langsung bantu ya ğŸ˜‡. -Abdul",maafin kak interaksi pindah yuk dmin detail lapor kesini biar mimin langsung bantu abdul
1934578423701418453,@IndiHome cek dm bisa kali min,cek kali min
1934578235305820646,"@IndiHome kak tolong sinyal masih los merah, detail di dm kak sudah di dm",kak tolong sinyal los merah detail kak
1934578145191153759,@IndiHome @clovvher Cek dm min,cek min
1934577962797748533,@IndiHome @IndiHomeCare udh dm,
1934577746086441330,@IndiHome cek dm buruan min,cek buru min
1934577466988974580,@IndiHome cek dm min tolong secepatnya,cek min tolong cepat
1934577339905818829,"indihome knp wifi nya error dari kemaren, kuota ku jadi kepake banyak kan [AK GK BISA NONTON TV JUGA HIH]",indihome knp wifi nya error kemaren kuota kepake nonton hih
1934577076436447653,"Cek dm skrg juga bro, wifi indihome rumah w dari pagi bermasalah @IndiHomeCare @IndiHome",cek skrg bro wifi indihome rumah pagi masalah
1934576790741356546,@IndiHome Jaringan saya bermasalah tolong segera di benerin ya admin,jaring masalah tolong benerin admin
1934576757790941338,"UDH INDIHOME BAPUK, HAPE BAPUK, APP BAPUK (marah besar)",indihome bapuk hape bapuk app bapuk marah
1934576509471375554,"ğŸ¬fresh testimoni data tagihan rumahğŸ¬
---all diskon tagihan 5%
â­ï¸token listrik 500.000
â­ï¸tagihan indihome 413.700
â­ï¸tagihan listrik 714.103
â­ï¸tagihan listrik 243.465

#zonauang https://t.co/sdHrwFgLns",fresh testimoni data tagih rumah all diskon tagih token listrik tagih indihome tagih listrik tagih listrik
1934576099792765371,@IndiHomeCare indihome kenapesihhhh,indihome kenapesihhhh
1934576077709697109,@IndiHome Cek min,cek min
1934575407543746825,"@fthzdn_ Kak @fthzdn_, Dya cek belum ada Dm yg masuk nih. Pastikan Dm ke akun @indihome ya.Makasih. -Dya",kak dya cek belum ada masuk pasti akun yamakasih dya
1934575255894524390,woy indihome anjeng wifi tu benarkan sikit lah,woy indihome anjeng wifi benar sikit
1934575195093979166,bentar weh indihome busuk,bentar weh indihome busuk
1934575086721466607,@IndiHome cek dm dong min,cek min
1934574936833868176,@IndiHome udah di dm tolong laaah masih los ini,udah tolong laaah los
1934574320455659571,"@vhytagoras95 @vhytagoras95 Maaf buat kendala sinyalnya Kak :( Yuk infoin nomor HP, nomor IndiHome, atas nama, tanggal waktu kejadian, lokasi detail sama nomor Telkomsel lain yang berkendala ke DM biar dibantuin. Makasih :) -Zidane",maaf kendala sinyal kak yuk infoin nomor nomor indihome nama tanggal jadi lokasi detail nomor telkomsel kendala biar dibantuin makasih zidane
1934573871732343242,"@Telkomsel SUSAH SINYAL 
KUOTA DOANG MAHAL 
INDIHOME JUGA SANA KAGA ADA SINYAL",susah sinyal kuota doang mahal indihome kaga ada sinyal
1934573226660905346,"@nullyih Enggak dongg Kak, hehe. Btw Kakak pake IndiHome gak nih di rumah?ğŸ˜‡ -Abdul",dongg kak hehe btw kakak pake indihome tidak rumah abdul
1934573190359232536,@antiorangdungu @IndiHome aku tangerang kak,tangerang kak
1934572998532698266,@IndiHome @IndiHomeCare payah nih.. kirim direct message seharian gak dibaca gak direspon...,payah kirim direct message hari tidak baca tidak direspon
1934572744190144675,@cacaraisyana Silakan Kak Caca infoin nomor internet dan nama pemilik ke DM @Indihome untuk penanganannya. -Beeru,sila kak caca infoin nomor internet nama milik tangan beeru
1934572642125955354,"@IndiHome Udah min, tapi tetep gabisaaa",udah min tetep gabisaaa
1934572526929338552,sampis bgt internet lu bray. wifi kaga kedetect seharian @IndiHomeCare @IndiHome,sampis banget internet bray wifi kaga kedetect hari
1934571933301195025,@ichenanaa @IndiHome Ini daerah mana ya kak? Karena di tempatku tadi juga tibaâ€ LOS merah dan sampe sekarang ga ada tanggapan,daerah kak tempat los merah sampe tidak ada tanggap
1934571929727623330,@IndiHome Jaringan LOSS min gimana atuh,jaring loss min gimana atuh
1934571850971120103,@IndiHome halo kak udah di DM ya @IndiHome @IndiHomeCare,halo kak udah
1934571273251938450,"@noyusimi Wahhh, streaming-nya pake IndiHome ya Kak, lancar kan koneksinya? -Abdul",wahhh streamingnya pake indihome kak lancar koneksi abdul
1934571096474570929,@jjalemuel indihome memang selalu bertingkah menyebalkan,indihome ting sebal
1934570492578714015,@IndiHome iyaa kedip merah,iyaa kedip merah
1934570334063325511,"@bitabitzy Sebelumnya maaf Kak, kalau Mimin boleh tau lampu modemnya saat ini berkedip merah ga Kak? Yuk DM nomor internetnya ke akun @IndiHome biar bisa dibantu lebih lanjut ya ğŸ˜‡ . -Abdul",maaf kak mimin tau lampu modem kedip merah tidak kak yuk nomor internetnya akun biar bantu abdul
1934570234289205337,@IndiHome Udah,udah
1934570233731350808,indihome knp lagi astagfirullah,indihome knp astagfirullah
1934569953635741989,@IndiHome @IndiHomeCare Iya kak,iya kak
1934569860211847665,"@Angrha Halo Kak. Maaf ya sebelumnya, Mimin akan segera bantu cek dan solusiin kendalanya. Yuk DM nomor internetnya ke akun @IndiHome, Kak ğŸ˜‡ . -Abdul",halo kak maaf mimin bantu cek solusiin kendala yuk nomor internetnya akun kak abdul
1934569382862356652,"@IndiHome cek dm, ini belum di bales2 juga minta di refresh jaringannya udh 5 jam",cek belum bales refresh jaring jam
1934567795704074545,@IndiHome halo min...gw instalasi pasang baru dari jam 1530 sd skrg belom ada koneksi koneksi... Buset dah lama banget cuy hadeeh!,halo mingw instalasi pasang jam skrg bom ada koneksi koneksi buset dah banget cuy hadeeh
1934567750875353356,"@IndiHome ini wifiku mati dari semalem, gada namanya padahal modemnya ga dicabut, tolong dong.",wifiku mati semalem tidak ada nama modem tidak cabut tolong
1934567750418284866,jelek deh indihome,jelek deh indihome
1934567374327558258,@IndiHome Kak ezzi gimana ya kelanjutannya ? Help ini mah udah dari semalem,kak ezzi gimana lanjut help mah udah semalem
1934567061390598409,Indihome lemot banget elah cape bgt gue,indihome lambat banget elah cape banget gue
1934566413655789893,"@IndiHome iya lahh.. apalagi selain ituuu :""))).. tolong ka saya dikit lagi deadline skripsian",iya lahh ituuu tolong dikit deadline skripsi
1934566199209378178,@rusta_id Untuk penanganannya Kak Suprih bisa kirim nomor internet dan nama pemilik ke DM @Indihome. -Beeru,tangan kak suprih kirim nomor internet nama milik beeru
1934566102765547699,"@harthurt @harthurt Hallo Kak Alpin. Mengenai migrasi paket saat ini bisa Zyad bantu ya, coba infoin dulu yuk nomor IndiHome, atas nama sama relasi, biar dibantu lebih lanjut dan privasi data terjaga. Makasih :) -Zyad",hallo kak alpin migrasi paket zyad bantu coba infoin yuk nomor indihome nama relasi biar bantu privasi data jaga makasih zyad
1934565425020596706,"@fleurcheriesun kocak ihh Indihome, lgi pms ya ğŸ˜­ğŸ˜­",kocak ihh indihome lgi pms
1934565363930587512,"@IndiHome min,bisa ganti paket gak?",minbisa ganti paket tidak
1934565238202130772,@IndiHome help ini kenapa wifi ku bgilang dari kemarin wehhh,help wifi bgilang kemarin wehhh
1934564859385098612,@canissss___ Agar kendala jaringannya bisa dilakukan penanganan silakan kirim nama pemilik dan nomor internet ke DM @Indihome ya. -Beeru,kendala jaring tangan sila kirim nama milik nomor internet beeru
1934564198866108859,@IndiHome tolong dong buka dm min,tolong buka min
1934563965981630684,"@valaphrodite Ya seenggaknya engga keluar duit lebih buat nonton di bioskop. Hhhh. 

Hidup Indihome! ğŸ‘€",enggak engga duit nonton bioskop hhhh hidup indihome
1934563855939899772,"@MssGreenn Sebagai solusi awal pastiin kabel patchcord modemnya terpasang dengan benar dan kencang ya, Kak. Kalau masih kendala, segera infoin nomor internetnya ke DM @IndiHome supaya bisa dibantu lebih lanjut.ğŸ˜Š -Abdul",solusi pastiin kabel patchcord modem pasang kencang kak kendala infoin nomor internetnya bantu abdul
1934563001006481474,@IndiHome Pengennya sih sinyal WiFi yang stabil! Tapi nyatanya malah ngelos. Gimana nih min,ken sih sinyal wifi stabil ngelos gimana min
1934562581005636028,"@SuriyaRizka @IndiHomeCare Halo Kak, Mimin akan segera bantu. Sebelumnya maaf kalau boleh tau, lampu modemnya saat ini berkedip merah ga Kak? Yuk DM nomor internetnya ke akun @IndiHome, Kak ğŸ˜‡ . -Abdul",halo kak mimin bantu maaf tau lampu modem kedip merah tidak kak yuk nomor internetnya akun kak abdul
1934562187936456964,"@utii07 Laporannya via apa nih, Kak? Maaf ya sebelumnya, sini yuk ceritain ke Mimin di DM @IndiHome dan infoin juga nomor internetnya biar bisa dicek dan dibantu lebih lanjut ya Kak. -Abdul",lapor via kak maaf yuk ceritain mimin infoin nomor internetnya biar cek bantu kak abdul
1934562014313189380,"Di balik WiFi lancar

https://t.co/jE99MoKDqR
https://t.co/zXfVTXZ8vp
https://t.co/hAWNdkCiTN
https://t.co/UVWnYMxfvg
https://t.co/EbdA44fx2j
https://t.co/PRrM0t6ZpV
https://t.co/5Jo6SkIhsD
https://t.co/x7LitZ4iaP
https://t.co/iPJfCxfco5

#TeknisiWifi #TopologiJaringan #Internet",wifi lancar
1934561964480717269,"Di balik WiFi lancar

https://t.co/FPkcbklY72
https://t.co/ec7TmOnBqW
https://t.co/EbgiOsMePR
https://t.co/iSfw30ofa9
https://t.co/Zlbk5ejCwi
https://t.co/oVUx0dmpjX
https://t.co/HG3RI6B5lZ
https://t.co/c55YflD7rq
https://t.co/Bi9bd2ItO3

#TeknisiWifi #TopologiJaringan #Internet",wifi lancar
1934561915549941841,"Di balik WiFi lancar

https://t.co/66qfsz4fLp
https://t.co/01Wxgnaybx
https://t.co/oNOvdcEgzH
https://t.co/hhKBtoycqP
https://t.co/X709LqDN8v
https://t.co/GX4EkUsPIS
https://t.co/oQdXye1zvF
https://t.co/mGFSIA1M4D
https://t.co/fJQ9TvcLQ1

#TeknisiWifi #TopologiJaringan #Internet",wifi lancar
1934561342733836398,@IndiHome Udah min..,udah min
1934561164220084253,"INDIHOME ANJING! DARI PAGI PASANG INTERNET BELUM AKTIF SAMPAI SEKARANG? TEKNISI BOLAK BALIK CEK KABEL  DOANG! 

@IndiHomeCare @TelkomIndonesia @Telkomsel 

HAPUS AJA DARI BUMN  PAK, GA BECUS JADI PROVIDER @erickthohir 

#JANGANPASANGINDIHOME https://t.co/nIZYFWIvPy",indihome anjing pagi pasang internet belum aktif teknisi bolak cek kabel doang hapus bumn tidak becus provider
1934561028647657758,"Hmmmm... indihome gangguan yaa???
@IndiHome https://t.co/yNDv5uu9Lq",hmmmm indihome ganggu yaa
1934560624912298252,"@sunsettripbuddy Maaf Kak, saat ini interaksinya kita pindah ke @IndiHome yuk. DM-in detail laporannya kesini biar Mimin langsung bantu ya ğŸ˜‡. -Abdul",maaf kak interaksi pindah yuk dmin detail lapor kesini biar mimin langsung bantu abdul
1934560429315125269,@IndiHome Tolong liat dm min,tolong liat min
1934559860487758269,@lovingjaemark Untuk penanganan kendala jaringan yang Kak Nana alami silakan kirim datanya ke DM @Indihome ya. -Beeru,tangan kendala jaring kak nana alami sila kirim data beeru
